{
  "pages": [
    {
      "contents": [
        "5 0 R"
      ],
      "images": [],
      "label": null,
      "object": "4 0 R",
      "outlines": [],
      "pageposfrom1": 1
    },
    {
      "contents": [
        "5 0 R"
      ],
      "images": [],
      "label": null,
      "object": "7 0 R",
      "outlines": [],
      "pageposfrom1": 2
    }
  ],
  "qpdf": [
    {
      "jsonversion": 2,
      "pdfversion": "1.3",
      "pushedinheritedpageresources": false,
      "calledgetallpages": true,
      "maxobjectid": 7
    },
    {
      "obj:1 0 R": {
        "value": {
          "/Pages": "2 0 R",
          "/Type": "/Catalog"
        }
      },
      "obj:2 0 R": {
        "value": {
          "/Count": 2,
          "/Kids": [
            "3 0 R"
          ],
          "/Resources": {
            "/Font": {
              "/F1": "6 0 R"
            }
          },
          "/Type": "/Pages"
        }
      },
      "obj:3 0 R": {
        "value": {
          "/Count": 2,
          "/Kids": [
            "4 0 R",
            "7 0 R"
          ],
          "/Parent": "2 0 R",
          "/Type": "/Pages"
        }
      },
      "obj:4 0 R": {
        "value": {
          "/Contents": "5 0 R",
          "/MediaBox": [
            0,
            0,
            612,
            792
          ],
          "/Parent": "3 0 R",
          "/Type": "/Page"
        }
      },
      "obj:5 0 R": {
        "stream": {
          "data": "QlQKICAvRjEgMjQgVGYKICA3MiA3MjAgVGQKICAoUG90YXRvKSBUagpFVAo=",
          "dict": {}
        }
      },
      "obj:6 0 R": {
        "value": {
          "/BaseFont": "/Helvetica",
          "/Encoding": "/WinAnsiEncoding",
          "/Subtype": "/Type1",
          "/Type": "/Font"
        }
      },
      "obj:7 0 R": {
        "value": {
          "/Contents": "5 0 R",
          "/MediaBox": [
            0,
            0,
            612,
            792
          ],
          "/Parent": "3 0 R",
          "/Type": "/Page"
        }
      },
      "trailer": {
        "value": {
          "/Root": "1 0 R",
          "/Size": 7
        }
      }
    }
  ]
}
